record_id,record_csv,online_csv,status
100,C:\repos\ecg-dataset-single-lead\mit-bih\signals\record_minmax\100_mlii_125hz_record.csv,C:\repos\ecg-dataset-single-lead\mit-bih\signals\online_robust\100_mlii_125hz_online.csv,ok
101,C:\repos\ecg-dataset-single-lead\mit-bih\signals\record_minmax\101_mlii_125hz_record.csv,C:\repos\ecg-dataset-single-lead\mit-bih\signals\online_robust\101_mlii_125hz_online.csv,ok
102,C:\repos\ecg-dataset-single-lead\mit-bih\signals\record_minmax\102_mlii_125hz_record.csv,C:\repos\ecg-dataset-single-lead\mit-bih\signals\online_robust\102_mlii_125hz_online.csv,ok
103,C:\repos\ecg-dataset-single-lead\mit-bih\signals\record_minmax\103_mlii_125hz_record.csv,C:\repos\ecg-dataset-single-lead\mit-bih\signals\online_robust\103_mlii_125hz_online.csv,ok
104,C:\repos\ecg-dataset-single-lead\mit-bih\signals\record_minmax\104_mlii_125hz_record.csv,C:\repos\ecg-dataset-single-lead\mit-bih\signals\online_robust\104_mlii_125hz_online.csv,ok
105,C:\repos\ecg-dataset-single-lead\mit-bih\signals\record_minmax\105_mlii_125hz_record.csv,C:\repos\ecg-dataset-single-lead\mit-bih\signals\online_robust\105_mlii_125hz_online.csv,ok
106,C:\repos\ecg-dataset-single-lead\mit-bih\signals\record_minmax\106_mlii_125hz_record.csv,C:\repos\ecg-dataset-single-lead\mit-bih\signals\online_robust\106_mlii_125hz_online.csv,ok
107,C:\repos\ecg-dataset-single-lead\mit-bih\signals\record_minmax\107_mlii_125hz_record.csv,C:\repos\ecg-dataset-single-lead\mit-bih\signals\online_robust\107_mlii_125hz_online.csv,ok
108,C:\repos\ecg-dataset-single-lead\mit-bih\signals\record_minmax\108_mlii_125hz_record.csv,C:\repos\ecg-dataset-single-lead\mit-bih\signals\online_robust\108_mlii_125hz_online.csv,ok
109,C:\repos\ecg-dataset-single-lead\mit-bih\signals\record_minmax\109_mlii_125hz_record.csv,C:\repos\ecg-dataset-single-lead\mit-bih\signals\online_robust\109_mlii_125hz_online.csv,ok
111,C:\repos\ecg-dataset-single-lead\mit-bih\signals\record_minmax\111_mlii_125hz_record.csv,C:\repos\ecg-dataset-single-lead\mit-bih\signals\online_robust\111_mlii_125hz_online.csv,ok
112,C:\repos\ecg-dataset-single-lead\mit-bih\signals\record_minmax\112_mlii_125hz_record.csv,C:\repos\ecg-dataset-single-lead\mit-bih\signals\online_robust\112_mlii_125hz_online.csv,ok
113,C:\repos\ecg-dataset-single-lead\mit-bih\signals\record_minmax\113_mlii_125hz_record.csv,C:\repos\ecg-dataset-single-lead\mit-bih\signals\online_robust\113_mlii_125hz_online.csv,ok
114,C:\repos\ecg-dataset-single-lead\mit-bih\signals\record_minmax\114_mlii_125hz_record.csv,C:\repos\ecg-dataset-single-lead\mit-bih\signals\online_robust\114_mlii_125hz_online.csv,ok
115,C:\repos\ecg-dataset-single-lead\mit-bih\signals\record_minmax\115_mlii_125hz_record.csv,C:\repos\ecg-dataset-single-lead\mit-bih\signals\online_robust\115_mlii_125hz_online.csv,ok
116,C:\repos\ecg-dataset-single-lead\mit-bih\signals\record_minmax\116_mlii_125hz_record.csv,C:\repos\ecg-dataset-single-lead\mit-bih\signals\online_robust\116_mlii_125hz_online.csv,ok
117,C:\repos\ecg-dataset-single-lead\mit-bih\signals\record_minmax\117_mlii_125hz_record.csv,C:\repos\ecg-dataset-single-lead\mit-bih\signals\online_robust\117_mlii_125hz_online.csv,ok
118,C:\repos\ecg-dataset-single-lead\mit-bih\signals\record_minmax\118_mlii_125hz_record.csv,C:\repos\ecg-dataset-single-lead\mit-bih\signals\online_robust\118_mlii_125hz_online.csv,ok
119,C:\repos\ecg-dataset-single-lead\mit-bih\signals\record_minmax\119_mlii_125hz_record.csv,C:\repos\ecg-dataset-single-lead\mit-bih\signals\online_robust\119_mlii_125hz_online.csv,ok
121,C:\repos\ecg-dataset-single-lead\mit-bih\signals\record_minmax\121_mlii_125hz_record.csv,C:\repos\ecg-dataset-single-lead\mit-bih\signals\online_robust\121_mlii_125hz_online.csv,ok
122,C:\repos\ecg-dataset-single-lead\mit-bih\signals\record_minmax\122_mlii_125hz_record.csv,C:\repos\ecg-dataset-single-lead\mit-bih\signals\online_robust\122_mlii_125hz_online.csv,ok
123,C:\repos\ecg-dataset-single-lead\mit-bih\signals\record_minmax\123_mlii_125hz_record.csv,C:\repos\ecg-dataset-single-lead\mit-bih\signals\online_robust\123_mlii_125hz_online.csv,ok
124,C:\repos\ecg-dataset-single-lead\mit-bih\signals\record_minmax\124_mlii_125hz_record.csv,C:\repos\ecg-dataset-single-lead\mit-bih\signals\online_robust\124_mlii_125hz_online.csv,ok
200,C:\repos\ecg-dataset-single-lead\mit-bih\signals\record_minmax\200_mlii_125hz_record.csv,C:\repos\ecg-dataset-single-lead\mit-bih\signals\online_robust\200_mlii_125hz_online.csv,ok
201,C:\repos\ecg-dataset-single-lead\mit-bih\signals\record_minmax\201_mlii_125hz_record.csv,C:\repos\ecg-dataset-single-lead\mit-bih\signals\online_robust\201_mlii_125hz_online.csv,ok
202,C:\repos\ecg-dataset-single-lead\mit-bih\signals\record_minmax\202_mlii_125hz_record.csv,C:\repos\ecg-dataset-single-lead\mit-bih\signals\online_robust\202_mlii_125hz_online.csv,ok
203,C:\repos\ecg-dataset-single-lead\mit-bih\signals\record_minmax\203_mlii_125hz_record.csv,C:\repos\ecg-dataset-single-lead\mit-bih\signals\online_robust\203_mlii_125hz_online.csv,ok
205,C:\repos\ecg-dataset-single-lead\mit-bih\signals\record_minmax\205_mlii_125hz_record.csv,C:\repos\ecg-dataset-single-lead\mit-bih\signals\online_robust\205_mlii_125hz_online.csv,ok
207,C:\repos\ecg-dataset-single-lead\mit-bih\signals\record_minmax\207_mlii_125hz_record.csv,C:\repos\ecg-dataset-single-lead\mit-bih\signals\online_robust\207_mlii_125hz_online.csv,ok
208,C:\repos\ecg-dataset-single-lead\mit-bih\signals\record_minmax\208_mlii_125hz_record.csv,C:\repos\ecg-dataset-single-lead\mit-bih\signals\online_robust\208_mlii_125hz_online.csv,ok
209,C:\repos\ecg-dataset-single-lead\mit-bih\signals\record_minmax\209_mlii_125hz_record.csv,C:\repos\ecg-dataset-single-lead\mit-bih\signals\online_robust\209_mlii_125hz_online.csv,ok
210,C:\repos\ecg-dataset-single-lead\mit-bih\signals\record_minmax\210_mlii_125hz_record.csv,C:\repos\ecg-dataset-single-lead\mit-bih\signals\online_robust\210_mlii_125hz_online.csv,ok
212,C:\repos\ecg-dataset-single-lead\mit-bih\signals\record_minmax\212_mlii_125hz_record.csv,C:\repos\ecg-dataset-single-lead\mit-bih\signals\online_robust\212_mlii_125hz_online.csv,ok
213,C:\repos\ecg-dataset-single-lead\mit-bih\signals\record_minmax\213_mlii_125hz_record.csv,C:\repos\ecg-dataset-single-lead\mit-bih\signals\online_robust\213_mlii_125hz_online.csv,ok
214,C:\repos\ecg-dataset-single-lead\mit-bih\signals\record_minmax\214_mlii_125hz_record.csv,C:\repos\ecg-dataset-single-lead\mit-bih\signals\online_robust\214_mlii_125hz_online.csv,ok
215,C:\repos\ecg-dataset-single-lead\mit-bih\signals\record_minmax\215_mlii_125hz_record.csv,C:\repos\ecg-dataset-single-lead\mit-bih\signals\online_robust\215_mlii_125hz_online.csv,ok
217,C:\repos\ecg-dataset-single-lead\mit-bih\signals\record_minmax\217_mlii_125hz_record.csv,C:\repos\ecg-dataset-single-lead\mit-bih\signals\online_robust\217_mlii_125hz_online.csv,ok
219,C:\repos\ecg-dataset-single-lead\mit-bih\signals\record_minmax\219_mlii_125hz_record.csv,C:\repos\ecg-dataset-single-lead\mit-bih\signals\online_robust\219_mlii_125hz_online.csv,ok
220,C:\repos\ecg-dataset-single-lead\mit-bih\signals\record_minmax\220_mlii_125hz_record.csv,C:\repos\ecg-dataset-single-lead\mit-bih\signals\online_robust\220_mlii_125hz_online.csv,ok
221,C:\repos\ecg-dataset-single-lead\mit-bih\signals\record_minmax\221_mlii_125hz_record.csv,C:\repos\ecg-dataset-single-lead\mit-bih\signals\online_robust\221_mlii_125hz_online.csv,ok
222,C:\repos\ecg-dataset-single-lead\mit-bih\signals\record_minmax\222_mlii_125hz_record.csv,C:\repos\ecg-dataset-single-lead\mit-bih\signals\online_robust\222_mlii_125hz_online.csv,ok
223,C:\repos\ecg-dataset-single-lead\mit-bih\signals\record_minmax\223_mlii_125hz_record.csv,C:\repos\ecg-dataset-single-lead\mit-bih\signals\online_robust\223_mlii_125hz_online.csv,ok
228,C:\repos\ecg-dataset-single-lead\mit-bih\signals\record_minmax\228_mlii_125hz_record.csv,C:\repos\ecg-dataset-single-lead\mit-bih\signals\online_robust\228_mlii_125hz_online.csv,ok
230,C:\repos\ecg-dataset-single-lead\mit-bih\signals\record_minmax\230_mlii_125hz_record.csv,C:\repos\ecg-dataset-single-lead\mit-bih\signals\online_robust\230_mlii_125hz_online.csv,ok
231,C:\repos\ecg-dataset-single-lead\mit-bih\signals\record_minmax\231_mlii_125hz_record.csv,C:\repos\ecg-dataset-single-lead\mit-bih\signals\online_robust\231_mlii_125hz_online.csv,ok
232,C:\repos\ecg-dataset-single-lead\mit-bih\signals\record_minmax\232_mlii_125hz_record.csv,C:\repos\ecg-dataset-single-lead\mit-bih\signals\online_robust\232_mlii_125hz_online.csv,ok
233,C:\repos\ecg-dataset-single-lead\mit-bih\signals\record_minmax\233_mlii_125hz_record.csv,C:\repos\ecg-dataset-single-lead\mit-bih\signals\online_robust\233_mlii_125hz_online.csv,ok
234,C:\repos\ecg-dataset-single-lead\mit-bih\signals\record_minmax\234_mlii_125hz_record.csv,C:\repos\ecg-dataset-single-lead\mit-bih\signals\online_robust\234_mlii_125hz_online.csv,ok
